id_depto,jardin,primaria,secundaria,total
42035,1023.0,1345.0,1449.0,15094.0
82014,5966.0,7096.0,8306.0,86261.0
6854,2706.0,3189.0,3782.0,35411.0
34021,1725.0,2095.0,2631.0,19275.0
14182,8748.0,10277.0,12072.0,113635.0
6693,1104.0,1342.0,1546.0,13901.0
54049,5458.0,5949.0,6138.0,45456.0
10084,988.0,1243.0,1558.0,12219.0
86035,16118.0,18598.0,20112.0,170401.0
6182,4705.0,6284.0,7493.0,65823.0
6805,32611.0,44078.0,53284.0,446291.0
30098,8632.0,10712.0,12820.0,115516.0
14154,345.0,401.0,541.0,4381.0
54035,1087.0,1156.0,1380.0,10303.0
6581,6914.0,9031.0,10861.0,101483.0
18077,1136.0,1276.0,1379.0,11946.0
18140,1862.0,2025.0,2496.0,21381.0
74021,1180.0,1490.0,1861.0,16044.0
50042,1018.0,1305.0,1302.0,12018.0
6420,7455.0,9744.0,11692.0,100400.0
6525,5973.0,7274.0,8351.0,64761.0
46098,224.0,246.0,305.0,2695.0
50098,11642.0,14861.0,15658.0,139406.0
30113,4679.0,5389.0,6314.0,55284.0
66077,966.0,1219.0,1287.0,12246.0
6134,6225.0,8115.0,8920.0,70542.0
70035,4319.0,4835.0,5830.0,44017.0
66084,596.0,775.0,884.0,7182.0
6231,1395.0,1704.0,2110.0,18328.0
30021,3847.0,4458.0,5162.0,52312.0
38014,11018.0,13356.0,15219.0,122259.0
38105,194.0,276.0,329.0,2490.0
6175,2014.0,2418.0,2994.0,27406.0
30077,3364.0,4082.0,4610.0,42954.0
62070,598.0,943.0,985.0,9309.0
6364,14137.0,18024.0,18644.0,142315.0
58021,220.0,316.0,310.0,2641.0
14042,12494.0,14299.0,16119.0,152397.0
46021,409.0,538.0,599.0,5810.0
18119,5442.0,6353.0,7503.0,56778.0
34007,1763.0,2028.0,2207.0,15600.0
6035,22784.0,31635.0,37923.0,366117.0
14168,1943.0,2217.0,2670.0,22473.0
6763,12727.0,15253.0,17817.0,166657.0
50126,3810.0,4851.0,5315.0,41168.0
74014,444.0,561.0,635.0,5575.0
18105,4965.0,5266.0,5536.0,49807.0
26049,83.0,90.0,115.0,1181.0
82007,3597.0,4246.0,4950.0,48544.0
14133,4809.0,6034.0,6847.0,62700.0
6301,1618.0,1957.0,2208.0,20674.0
90119,8420.0,10227.0,11669.0,102589.0
6408,11620.0,16075.0,19542.0,185361.0
42049,201.0,305.0,319.0,2868.0
78007,1456.0,1663.0,1783.0,15035.0
6014,950.0,1184.0,1387.0,12847.0
90098,1828.0,2270.0,2471.0,22382.0
18084,3816.0,4200.0,4751.0,38767.0
22039,745.0,783.0,880.0,8310.0
6196,1890.0,2404.0,2553.0,24110.0
6547,1922.0,2558.0,2853.0,24616.0
42063,110.0,150.0,193.0,1461.0
86119,4608.0,4781.0,6032.0,40352.0
66154,674.0,950.0,964.0,7779.0
6049,5390.0,7022.0,8263.0,75152.0
34049,8934.0,10260.0,11076.0,94116.0
38098,375.0,534.0,565.0,5298.0
86028,2758.0,3000.0,3758.0,25462.0
86091,1847.0,1990.0,2441.0,18622.0
6868,2583.0,3608.0,4460.0,37325.0
22168,3301.0,3902.0,4429.0,32606.0
70112,614.0,738.0,830.0,6454.0
6245,4917.0,6608.0,7828.0,63978.0
6515,25943.0,34313.0,40965.0,349401.0
6154,1107.0,1331.0,1492.0,14007.0
26014,2022.0,2754.0,3172.0,28099.0
46112,1310.0,1652.0,1864.0,15764.0
70063,1295.0,1488.0,1606.0,12498.0
10112,2667.0,3303.0,3905.0,33951.0
58007,878.0,1032.0,1197.0,10173.0
58035,34739.0,44946.0,49728.0,467217.0
10007,374.0,365.0,475.0,5087.0
14049,3125.0,3562.0,4456.0,36023.0
82105,6707.0,7813.0,8888.0,84617.0
6252,21900.0,27457.0,30240.0,256071.0
6270,17155.0,21962.0,24742.0,198620.0
6028,43762.0,58015.0,68125.0,583209.0
14028,5650.0,6501.0,7447.0,64748.0
34035,8070.0,9940.0,10400.0,81600.0
90014,21071.0,25245.0,28012.0,227688.0
18063,1425.0,1615.0,1937.0,17016.0
66112,4326.0,4909.0,5274.0,48028.0
42154,1321.0,1797.0,1955.0,17686.0
18014,231.0,265.0,324.0,2808.0
86021,1520.0,1820.0,2228.0,14894.0
34028,1918.0,2143.0,2420.0,17017.0
6455,1982.0,2355.0,2959.0,27136.0
86098,2152.0,2575.0,3014.0,20567.0
22043,968.0,1106.0,1238.0,10643.0
42112,1095.0,1350.0,1404.0,11636.0
14161,9114.0,10870.0,12405.0,120207.0
54042,8721.0,10328.0,11407.0,91133.0
6672,1197.0,1501.0,1779.0,16491.0
86014,2298.0,2442.0,2781.0,20104.0
6574,1501.0,1995.0,2428.0,19888.0
74028,1946.0,2353.0,3001.0,26522.0
6588,3963.0,4895.0,5934.0,52366.0
14105,5303.0,5663.0,6638.0,58181.0
6274,44663.0,55183.0,61698.0,488103.0
54098,6498.0,7468.0,7918.0,63194.0
6714,3175.0,3725.0,4474.0,39257.0
50119,5158.0,6688.0,7298.0,59972.0
62014,3407.0,4196.0,4870.0,41160.0
66042,2069.0,2580.0,3002.0,24715.0
18147,1512.0,1702.0,1972.0,15164.0
46077,158.0,164.0,214.0,1885.0
42133,1232.0,1651.0,1945.0,17356.0
82070,8519.0,10020.0,11909.0,114730.0
6721,653.0,818.0,991.0,9344.0
54091,11680.0,13783.0,14897.0,120703.0
6568,18044.0,24608.0,30756.0,329517.0
66007,7052.0,8007.0,9023.0,69442.0
6483,3294.0,3961.0,4742.0,41418.0
66049,4858.0,5990.0,6453.0,55746.0
66021,1430.0,2036.0,2229.0,17822.0
6336,419.0,549.0,580.0,4846.0
74049,2825.0,3659.0,4569.0,40289.0
82042,14884.0,17783.0,20506.0,200455.0
90028,4239.0,4753.0,5343.0,42669.0
82084,97904.0,117871.0,130364.0,1337958.0
6294,1212.0,1331.0,1608.0,16231.0
6532,5457.0,6743.0,7892.0,71002.0
54021,3758.0,4296.0,4620.0,34945.0
58056,2801.0,3767.0,4511.0,39567.0
6518,2519.0,3085.0,3581.0,32973.0
86112,112.0,120.0,183.0,1440.0
50070,18163.0,22679.0,25291.0,218887.0
6098,7704.0,10089.0,11412.0,100685.0
46105,209.0,241.0,307.0,2399.0
62056,113.0,125.0,143.0,1452.0
6609,3474.0,4099.0,5012.0,44594.0
6658,47353.0,60261.0,70705.0,631774.0
42105,5292.0,6549.0,7418.0,69067.0
46084,567.0,656.0,805.0,7347.0
14147,12002.0,14361.0,15614.0,139012.0
86084,900.0,929.0,1107.0,9251.0
86126,1392.0,1482.0,1865.0,15008.0
6077,2644.0,3046.0,3457.0,32077.0
66098,760.0,953.0,1064.0,8888.0
74056,19681.0,24700.0,31276.0,260769.0
86049,26352.0,31921.0,35687.0,328824.0
6224,4906.0,6129.0,7531.0,70554.0
90035,1434.0,1629.0,1864.0,15539.0
90105,15052.0,18682.0,20891.0,172877.0
22007,4089.0,4305.0,5388.0,37794.0
78014,10716.0,13790.0,15834.0,126266.0
22119,1353.0,1578.0,1785.0,13938.0
2000,155314.0,201989.0,245665.0,3095454.0
10049,14250.0,17212.0,20464.0,186466.0
86189,861.0,1008.0,1241.0,9766.0
6679,1734.0,2000.0,2190.0,19735.0
70007,2958.0,3634.0,4162.0,31281.0
6287,758.0,968.0,1081.0,10150.0
50021,13392.0,16942.0,19597.0,194557.0
54063,10641.0,12219.0,13000.0,99838.0
82035,2349.0,2543.0,2615.0,24853.0
10105,2024.0,2400.0,3068.0,25254.0
30056,9410.0,11769.0,13659.0,125176.0
22161,394.0,437.0,510.0,4051.0
26042,998.0,1179.0,1461.0,12505.0
78028,2180.0,2815.0,3093.0,25384.0
6277,876.0,1070.0,1312.0,10759.0
18049,3662.0,4138.0,4927.0,39168.0
34042,1864.0,2181.0,2467.0,19089.0
6791,9785.0,12620.0,14987.0,144678.0
30063,1271.0,1534.0,1747.0,13984.0
82119,16356.0,19715.0,20824.0,193786.0
86154,487.0,561.0,627.0,5314.0
6112,3360.0,4108.0,4902.0,46227.0
6833,4260.0,5501.0,6283.0,61889.0
90063,8542.0,10920.0,11725.0,93464.0
26063,64.0,60.0,68.0,744.0
10091,2179.0,2579.0,3038.0,26822.0
78021,10573.0,14016.0,16107.0,137309.0
34014,21127.0,26493.0,30652.0,268572.0
62042,29296.0,37152.0,41788.0,379627.0
46028,829.0,1078.0,1172.0,11371.0
14077,377.0,399.0,544.0,5070.0
6147,1731.0,2127.0,2474.0,22905.0
18056,873.0,896.0,1126.0,9051.0
62021,11266.0,14905.0,16295.0,161443.0
38028,1752.0,2442.0,2816.0,20877.0
6140,1180.0,1468.0,1686.0,15882.0
82098,3076.0,3454.0,3561.0,33180.0
18028,2791.0,3184.0,3682.0,26270.0
22063,6921.0,8259.0,8792.0,68429.0
6007,1292.0,1463.0,1671.0,17344.0
82021,15092.0,17526.0,20504.0,189464.0
6826,4016.0,4578.0,5190.0,49128.0
6063,3638.0,4356.0,4982.0,48516.0
54077,5227.0,5931.0,6521.0,52166.0
6861,14893.0,19249.0,24673.0,280541.0
6553,596.0,810.0,914.0,8444.0
58077,737.0,884.0,1008.0,9267.0
66105,875.0,962.0,1091.0,7182.0
54119,3369.0,3671.0,3903.0,30877.0
6056,22621.0,29136.0,33554.0,334505.0
14091,15214.0,19630.0,23311.0,219494.0
42028,648.0,880.0,933.0,8225.0
90112,2185.0,2451.0,2881.0,23438.0
38084,439.0,527.0,560.0,3966.0
54014,6425.0,7497.0,8031.0,59875.0
58063,675.0,811.0,845.0,7696.0
62063,1344.0,1671.0,1711.0,16493.0
66063,314.0,343.0,392.0,3491.0
14035,2905.0,3263.0,3903.0,36064.0
26105,117.0,144.0,174.0,1608.0
38077,282.0,302.0,352.0,2641.0
54084,3674.0,4579.0,4992.0,38620.0
26098,464.0,643.0,657.0,5947.0
30028,6876.0,7982.0,8706.0,78264.0
50084,5261.0,6608.0,7111.0,63589.0
30049,4529.0,5466.0,6180.0,56796.0
6735,2120.0,2443.0,2999.0,26695.0
42070,690.0,756.0,965.0,9397.0
86077,4772.0,5109.0,6327.0,46304.0
6406,789.0,919.0,1156.0,10581.0
42084,39.0,46.0,50.0,428.0
26070,137.0,160.0,178.0,1882.0
18007,4397.0,4808.0,5139.0,44369.0
86175,1183.0,1345.0,1737.0,11183.0
10098,1154.0,1288.0,1549.0,13317.0
70028,7849.0,9115.0,10752.0,114849.0
90021,7651.0,9110.0,10586.0,92308.0
6042,1699.0,2051.0,2541.0,21757.0
6385,1801.0,2208.0,2369.0,22530.0
6707,2716.0,3213.0,3911.0,35423.0
6798,873.0,971.0,1213.0,10695.0
54105,2346.0,2808.0,2956.0,23080.0
6511,861.0,1058.0,1171.0,11253.0
6161,1443.0,1627.0,2009.0,17345.0
14140,17737.0,20783.0,24859.0,228951.0
42091,33.0,42.0,28.0,413.0
14056,5605.0,6415.0,7384.0,68317.0
58112,3426.0,4712.0,5301.0,45540.0
6119,2588.0,3406.0,4101.0,32350.0
6875,2586.0,3167.0,3798.0,32552.0
90091,3132.0,3784.0,4234.0,36946.0
14007,5902.0,7284.0,8294.0,75462.0
22036,2262.0,2450.0,2724.0,23179.0
30070,6549.0,7842.0,8762.0,75271.0
6665,3451.0,4031.0,4764.0,39648.0
10063,1207.0,1424.0,1624.0,14624.0
6655,936.0,1193.0,1238.0,12161.0
26021,16668.0,21521.0,23941.0,214829.0
26091,1344.0,1701.0,1804.0,14477.0
62084,337.0,395.0,429.0,4300.0
6412,29597.0,36232.0,40098.0,326527.0
46070,337.0,362.0,461.0,4013.0
6434,28133.0,37841.0,46520.0,460081.0
6784,981.0,1157.0,1428.0,11736.0
42014,194.0,272.0,336.0,2611.0
30084,27975.0,35139.0,39844.0,388716.0
6105,2830.0,3296.0,3767.0,37194.0
22098,5880.0,6579.0,6893.0,59798.0
6623,8676.0,10471.0,12182.0,114988.0
46063,621.0,677.0,835.0,7615.0
26007,8111.0,10375.0,12276.0,102806.0
82028,6793.0,8043.0,9828.0,93000.0
6280,3570.0,4115.0,4961.0,45307.0
46091,394.0,538.0,655.0,5017.0
66070,676.0,777.0,938.0,6116.0
6648,10170.0,12302.0,13904.0,101994.0
14112,1324.0,1591.0,1918.0,15275.0
74042,1283.0,1464.0,1837.0,14334.0
30015,17901.0,21468.0,23202.0,197603.0
6539,48007.0,61148.0,70111.0,581484.0
26028,175.0,189.0,189.0,1782.0
66126,16651.0,19414.0,21379.0,159715.0
6218,3167.0,4228.0,4971.0,42191.0
10070,2352.0,2725.0,3265.0,26341.0
66140,2966.0,3545.0,3903.0,33750.0
22091,2701.0,3024.0,3220.0,26354.0
38056,539.0,699.0,738.0,6729.0
6126,8120.0,10711.0,12722.0,107976.0
18161,2171.0,2315.0,2767.0,22682.0
42140,1540.0,2073.0,2136.0,17927.0
54056,8802.0,9732.0,10537.0,77075.0
82049,17202.0,19144.0,22348.0,197533.0
38042,4800.0,6551.0,7631.0,65522.0
18091,4432.0,4752.0,5177.0,40406.0
18126,2703.0,3024.0,3676.0,29126.0
6819,997.0,1351.0,1436.0,14591.0
22105,2987.0,3073.0,3552.0,30223.0
38007,1322.0,1685.0,2099.0,14998.0
62077,2730.0,3609.0,3973.0,35473.0
6351,1104.0,1131.0,1365.0,12842.0
22028,3114.0,3571.0,3737.0,34493.0
6260,27670.0,35257.0,40096.0,337880.0
18021,35160.0,40888.0,47679.0,437446.0
6371,28038.0,38161.0,46012.0,444503.0
26084,565.0,638.0,625.0,6347.0
6238,2569.0,2888.0,3479.0,31405.0
42147,435.0,506.0,569.0,5637.0
6686,1851.0,2284.0,2802.0,25619.0
82133,4985.0,5622.0,6460.0,55463.0
90042,2908.0,3478.0,4108.0,34745.0
86063,3746.0,4467.0,5329.0,43692.0
86070,2127.0,2373.0,2901.0,20246.0
6749,11498.0,15307.0,18054.0,171099.0
30088,1743.0,2142.0,2515.0,20786.0
90084,44089.0,51884.0,59056.0,587289.0
6392,2797.0,3412.0,4022.0,35055.0
90077,5525.0,6593.0,7630.0,64927.0
78049,585.0,744.0,783.0,6271.0
18098,1002.0,1108.0,1439.0,11541.0
50112,1765.0,2143.0,2263.0,19379.0
86182,533.0,630.0,716.0,5034.0
6168,760.0,888.0,1029.0,9551.0
30091,2477.0,3068.0,3496.0,31091.0
30008,5907.0,6990.0,7913.0,74890.0
86056,3908.0,4205.0,5128.0,35653.0
74035,11922.0,14672.0,17891.0,148671.0
6770,5781.0,7116.0,8280.0,68353.0
62049,274.0,354.0,375.0,3682.0
6497,8352.0,10571.0,12158.0,110111.0
14021,24253.0,29932.0,34500.0,294511.0
6742,615.0,731.0,881.0,8918.0
46007,1353.0,1645.0,1863.0,16251.0
6595,8554.0,11123.0,13458.0,122011.0
6469,3480.0,4008.0,4746.0,45191.0
34063,2421.0,2783.0,3034.0,17678.0
6756,17057.0,22338.0,29037.0,295978.0
70056,2155.0,2384.0,2795.0,25269.0
58049,1713.0,2147.0,2356.0,20853.0
46014,15697.0,19946.0,23880.0,210507.0
6315,1548.0,2191.0,2821.0,22566.0
42098,647.0,835.0,1016.0,9243.0
90049,1894.0,2167.0,2672.0,21196.0
6466,443.0,546.0,663.0,6170.0
50063,13914.0,17898.0,20387.0,171883.0
6070,3225.0,3706.0,4484.0,39223.0
6413,7543.0,8925.0,10236.0,100964.0
42126,853.0,1070.0,1375.0,11090.0
58014,1908.0,2170.0,2191.0,18150.0
10056,394.0,448.0,554.0,4375.0
10035,2482.0,2993.0,3870.0,30353.0
46126,230.0,317.0,314.0,2994.0
50035,3662.0,4550.0,5068.0,46472.0
90070,6523.0,7986.0,9204.0,77469.0
6448,901.0,1175.0,1343.0,11496.0
38070,1905.0,2399.0,2601.0,20497.0
6630,408.0,511.0,522.0,4615.0
50105,17237.0,21325.0,23389.0,213204.0
66119,516.0,716.0,827.0,5808.0
38035,8147.0,9746.0,11270.0,94132.0
70098,5620.0,6657.0,7378.0,62697.0
14070,371.0,424.0,529.0,4855.0
78042,1110.0,1489.0,1574.0,12828.0
70042,9879.0,11599.0,13364.0,103772.0
26035,3522.0,4856.0,5502.0,49965.0
62035,545.0,780.0,796.0,6960.0
6308,236.0,285.0,357.0,3157.0
70105,2876.0,3274.0,3883.0,27188.0
6091,25806.0,35310.0,41619.0,358328.0
10014,243.0,286.0,370.0,3282.0
94011,581.0,715.0,779.0,6027.0
50028,25349.0,31776.0,35018.0,320871.0
66161,909.0,1226.0,1428.0,9411.0
70091,1586.0,1863.0,2020.0,15037.0
66028,47812.0,61799.0,69500.0,624003.0
6210,3518.0,4504.0,5651.0,52409.0
66056,19509.0,22243.0,24083.0,177448.0
54028,33142.0,40783.0,44373.0,391498.0
30035,2629.0,2860.0,3251.0,29436.0
42119,600.0,699.0,933.0,8404.0
70084,8399.0,10029.0,11273.0,101334.0
38112,2367.0,2773.0,3272.0,25831.0
50049,19700.0,24827.0,27850.0,233839.0
26077,10491.0,13418.0,15650.0,144420.0
66091,167.0,223.0,271.0,1789.0
70133,679.0,765.0,845.0,6674.0
10077,317.0,429.0,533.0,4696.0
42007,769.0,980.0,1168.0,11053.0
74063,327.0,373.0,516.0,4691.0
82112,3766.0,4407.0,4999.0,46486.0
14098,21670.0,24667.0,28427.0,277979.0
70070,7282.0,8963.0,10027.0,72879.0
82077,2720.0,3104.0,3817.0,30942.0
22056,1285.0,1538.0,1769.0,15061.0
50091,3475.0,4334.0,4793.0,39752.0
82063,42937.0,51558.0,59938.0,568259.0
22021,8579.0,10417.0,12481.0,101086.0
22154,1769.0,1978.0,2220.0,18696.0
62007,4517.0,6136.0,7034.0,63845.0
18042,1574.0,1754.0,2082.0,17948.0
22077,1282.0,1476.0,1563.0,13775.0
42077,486.0,590.0,720.0,7713.0
50007,8283.0,9891.0,11066.0,123715.0
42021,8258.0,11128.0,12701.0,118504.0
6189,1131.0,1368.0,1659.0,15795.0
46049,479.0,664.0,804.0,6984.0
86147,6377.0,7369.0,8056.0,66637.0
70049,819.0,945.0,1047.0,8826.0
18175,922.0,1061.0,1304.0,10382.0
66147,4735.0,5684.0,6128.0,50961.0
6644,3043.0,3865.0,4633.0,39224.0
58070,1136.0,1557.0,1770.0,15502.0
6357,41427.0,53294.0,67001.0,660569.0
10021,1535.0,1720.0,2368.0,19545.0
38094,1063.0,1549.0,1803.0,14621.0
86007,804.0,908.0,1097.0,8959.0
18154,1287.0,1498.0,1740.0,12700.0
6760,24752.0,31904.0,35784.0,327650.0
94007,8087.0,10167.0,11428.0,98922.0
58105,721.0,952.0,938.0,8471.0
86168,1294.0,1443.0,1957.0,12775.0
6602,2857.0,3677.0,3920.0,37499.0
22133,3168.0,3266.0,4092.0,32430.0
54007,5262.0,5788.0,6448.0,50503.0
14084,2907.0,3515.0,4141.0,37551.0
6505,1935.0,2352.0,2676.0,22653.0
14014,105777.0,127379.0,154598.0,1498060.0
22084,6514.0,7273.0,8036.0,65304.0
6266,3424.0,4195.0,4585.0,40036.0
18070,9035.0,10905.0,12844.0,106223.0
54070,4430.0,5235.0,5726.0,49391.0
70021,1104.0,1255.0,1337.0,10667.0
14175,1158.0,1209.0,1507.0,14092.0
66014,832.0,1080.0,1039.0,8928.0
6812,244.0,259.0,270.0,2528.0
82056,5742.0,6722.0,7235.0,73636.0
90007,4330.0,5233.0,5743.0,45459.0
6490,50825.0,65571.0,76653.0,685644.0
6700,1436.0,1822.0,2086.0,21407.0
6203,2881.0,3775.0,4180.0,41713.0
78035,1298.0,1375.0,1415.0,12584.0
74007,2003.0,2327.0,2914.0,23653.0
6084,1608.0,1912.0,2380.0,21185.0
86105,2243.0,2577.0,3035.0,24047.0
6882,9976.0,13121.0,15610.0,131415.0
62028,605.0,723.0,747.0,7398.0
38021,23048.0,31256.0,34888.0,319469.0
82126,5177.0,6077.0,6928.0,67299.0
6462,1361.0,1585.0,1953.0,17153.0
70119,772.0,825.0,939.0,8425.0
58042,1298.0,1819.0,2044.0,18289.0
6329,1466.0,1773.0,2104.0,17980.0
6778,9859.0,12095.0,12889.0,97929.0
30105,3123.0,3601.0,4287.0,40301.0
22112,2090.0,2597.0,2996.0,21544.0
42042,99.0,100.0,115.0,1103.0
14119,8823.0,10379.0,12099.0,113311.0
18035,4649.0,5255.0,6224.0,51489.0
86161,5435.0,6060.0,7095.0,53879.0
54112,4462.0,4904.0,4984.0,34690.0
14063,7791.0,9153.0,10574.0,107286.0
14126,3328.0,3968.0,4656.0,42029.0
86042,1033.0,1115.0,1252.0,10809.0
6840,21166.0,28750.0,35036.0,362319.0
70014,969.0,1181.0,1363.0,10172.0
18168,6984.0,8046.0,9133.0,71922.0
66133,5048.0,5525.0,5831.0,38062.0
6651,998.0,1236.0,1455.0,16391.0
70077,11959.0,14695.0,16316.0,136582.0
6560,50791.0,65328.0,71388.0,575758.0
6616,662.0,719.0,722.0,7112.0
22126,1360.0,1577.0,1495.0,14265.0
6847,682.0,834.0,986.0,9090.0
42056,960.0,1149.0,1340.0,12277.0
22140,31821.0,38963.0,43342.0,413764.0
58084,440.0,563.0,605.0,5572.0
90056,5678.0,6760.0,7848.0,66352.0
50077,2811.0,3700.0,4071.0,32596.0
82091,5906.0,7064.0,8200.0,72593.0
86133,2632.0,3051.0,3520.0,26193.0
22049,1411.0,1466.0,1702.0,12807.0
38063,7205.0,9254.0,10031.0,88237.0
66035,5342.0,6901.0,7225.0,55713.0
50014,4069.0,5385.0,5721.0,52379.0
22147,1707.0,1818.0,1995.0,16045.0
46035,1307.0,1360.0,1701.0,15630.0
58098,391.0,533.0,543.0,5087.0
86140,1286.0,1334.0,1575.0,12336.0
22070,2318.0,2577.0,3219.0,21948.0
58028,360.0,456.0,540.0,4832.0
6410,10707.0,15026.0,18670.0,177983.0
6343,1095.0,1495.0,1600.0,14141.0
18112,4116.0,4648.0,5272.0,45602.0
10042,1697.0,1892.0,2395.0,19471.0
46042,4579.0,6019.0,7421.0,58681.0
50056,4526.0,5749.0,5944.0,47086.0
6427,157034.0,193043.0,214041.0,1837168.0
6476,1302.0,1606.0,1897.0,18106.0
6638,34493.0,42505.0,48967.0,393614.0
6021,904.0,1166.0,1410.0,12906.0
6399,822.0,1028.0,1224.0,11662.0
46119,345.0,429.0,494.0,4306.0
30042,1461.0,1726.0,2028.0,16717.0
6322,866.0,1083.0,1160.0,11535.0
22014,2560.0,2968.0,3256.0,28060.0
6441,52075.0,66893.0,78431.0,756074.0
70126,2294.0,2553.0,3050.0,20824.0
10028,142.0,203.0,212.0,1822.0
18133,1633.0,1882.0,2017.0,19679.0
58091,2678.0,3445.0,3890.0,29721.0
34056,6830.0,8111.0,9246.0,72560.0
38049,170.0,241.0,238.0,1797.0
46056,255.0,333.0,355.0,3184.0
26056,236.0,257.0,309.0,2862.0
94014,6135.0,7604.0,8504.0,80009.0
6728,2151.0,2599.0,3015.0,26399.0
62091,1353.0,1600.0,1884.0,16555.0
